[
    {
        "name": "Claudine Neal",
        "gender": "female",
        "company": "Sealoud",
        "age": 55
    },
    {
        "name": "Beryl Rice",
        "gender": "female",
        "company": "Velity",
        "age": 67
    },
    {
        "name": "Wilder Gonzales",
        "gender": "male",
        "company": "Geekko",
        "age": 18
    },
    {
        "name": "Georgina Schultz",
        "gender": "female",
        "company": "Suretech",
        "age": 20
    },
    {
        "name": "Carroll Buchanan",
        "gender": "male",
        "company": "Ecosys",
        "age": 32
    },
    {
        "name": "Valarie Atkinson",
        "gender": "female",
        "company": "Hopeli",
        "age": 40
    },
    {
        "name": "Schroeder Mathews",
        "gender": "male",
        "company": "Polarium",
        "age": 19
    },
    {
        "name": "Lynda Mendoza",
        "gender": "female",
        "company": "Dogspa",
        "age": 40
    },
    {
        "name": "Sarah Massey",
        "gender": "female",
        "company": "Bisba",
        "age": 25
    },
    {
        "name": "Robles Boyle",
        "gender": "male",
        "company": "Comtract",
        "age": 54
    },
    {
        "name": "Evans Hickman",
        "gender": "male",
        "company": "Parleynet",
        "age": 45
    },
    {
        "name": "Dawson Barber",
        "gender": "male",
        "company": "Dymi",
        "age": 55
    },
    {
        "name": "Bruce Strong",
        "gender": "male",
        "company": "Xyqag",
        "age": 20
    },
    {
        "name": "Nellie Whitfield",
        "gender": "female",
        "company": "Exospace",
        "age": 21
    },
    {
        "name": "Jackson Macias",
        "gender": "male",
        "company": "Aquamate",
        "age": 41
    },
    {
        "name": "Pena Pena",
        "gender": "male",
        "company": "Quarx",
        "age": 32
    },
    {
        "name": "Lelia Gates",
        "gender": "female",
        "company": "Proxsoft",
        "age": 20
    },
    {
        "name": "Letitia Vasquez",
        "gender": "female",
        "company": "Slumberia",
        "age": 29
    },
    {
        "name": "Trevino Moreno",
        "gender": "male",
        "company": "Conjurica",
        "age": 28
    },
    {
        "name": "Barr Page",
        "gender": "male",
        "company": "Apex",
        "age": 52
    },
    {
        "name": "Kirkland Merrill",
        "gender": "male",
        "company": "Utara",
        "age": 27
    },
    {
        "name": "Blanche Conley",
        "gender": "female",
        "company": "Imkan",
        "age": 34
    },
    {
        "name": "Atkins Dunlap",
        "gender": "male",
        "company": "Comveyor",
        "age": 34
    },
    {
        "name": "Everett Foreman",
        "gender": "male",
        "company": "Maineland",
        "age": 43
    },
    {
        "name": "Gould Randolph",
        "gender": "male",
        "company": "Intergeek",
        "age": 24
    },
    {
        "name": "Kelli Leon",
        "gender": "female",
        "company": "Verbus",
        "age": 22
    },
    {
        "name": "Freda Mason",
        "gender": "female",
        "company": "Accidency",
        "age": 36
    },
    {
        "name": "Tucker Maxwell",
        "gender": "male",
        "company": "Lumbrex",
        "age": 18
    },
    {
        "name": "Yvonne Parsons",
        "gender": "female",
        "company": "Zolar",
        "age": 26
    },
    {
        "name": "Woods Key",
        "gender": "male",
        "company": "Bedder",
        "age": 33
    },
    {
        "name": "Stephens Reilly",
        "gender": "male",
        "company": "Acusage",
        "age": 37
    },
    {
        "name": "Mcfarland Sparks",
        "gender": "male",
        "company": "Comvey",
        "age": 56
    },
    {
        "name": "Jocelyn Sawyer",
        "gender": "female",
        "company": "Fortean",
        "age": 54
    },
    {
        "name": "Renee Barr",
        "gender": "female",
        "company": "Kiggle",
        "age": 69
    },
    {
        "name": "Gaines Beck",
        "gender": "male",
        "company": "Sequitur",
        "age": 50
    },
    {
        "name": "Luisa Farrell",
        "gender": "female",
        "company": "Cinesanct",
        "age": 30
    },
    {
        "name": "Robyn Strickland",
        "gender": "female",
        "company": "Obones",
        "age": 23
    },
    {
        "name": "Roseann Jarvis",
        "gender": "female",
        "company": "Aquazure",
        "age": 40
    },
    {
        "name": "Johnston Park",
        "gender": "male",
        "company": "Netur",
        "age": 60
    },
    {
        "name": "Wong Craft",
        "gender": "male",
        "company": "Opticall",
        "age": 57
    },
    {
        "name": "Merritt Cole",
        "gender": "male",
        "company": "Techtrix",
        "age": 31
    },
    {
        "name": "Dale Byrd",
        "gender": "female",
        "company": "Kneedles",
        "age": 29
    },
    {
        "name": "Sara Delgado",
        "gender": "female",
        "company": "Netagy",
        "age": 35
    },
    {
        "name": "Alisha Myers",
        "gender": "female",
        "company": "Intradisk",
        "age": 21
    },
    {
        "name": "Felecia Smith",
        "gender": "female",
        "company": "Futurity",
        "age": 22
    },
    {
        "name": "Neal Harvey",
        "gender": "male",
        "company": "Pyramax",
        "age": 23
    },
    {
        "name": "Nola Miles",
        "gender": "female",
        "company": "Sonique",
        "age": 24
    },
    {
        "name": "Herring Pierce",
        "gender": "male",
        "company": "Geeketron",
        "age": 29
    },
    {
        "name": "Shelley Rodriquez",
        "gender": "female",
        "company": "Bostonic",
        "age": 39
    },
    {
        "name": "Cora Chase",
        "gender": "female",
        "company": "Isonus",
        "age": 38
    },
    {
        "name": "Mckay Santos",
        "gender": "male",
        "company": "Amtas",
        "age": 35
    },
    {
        "name": "Hilda Crane",
        "gender": "female",
        "company": "Jumpstack",
        "age": 48
    },
    {
        "name": "Jeanne Lindsay",
        "gender": "female",
        "company": "Genesynk",
        "age": 49
    },
    {
        "name": "Frye Sharpe",
        "gender": "male",
        "company": "Eplode",
        "age": 50
    },
    {
        "name": "Velma Fry",
        "gender": "female",
        "company": "Ronelon",
        "age": 53
    },
    {
        "name": "Reyna Espinoza",
        "gender": "female",
        "company": "Prismatic",
        "age": 61
    },
    {
        "name": "Spencer Sloan",
        "gender": "male",
        "company": "Comverges",
        "age": 28
    },
    {
        "name": "Graham Marsh",
        "gender": "male",
        "company": "Medifax",
        "age": 21
    },
    {
        "name": "Hale Boone",
        "gender": "male",
        "company": "Digial",
        "age": 19
    },
    {
        "name": "Wiley Hubbard",
        "gender": "male",
        "company": "Zensus",
        "age": 31
    }
]
